Region,Grape_Type,Season,Quality_Grade,Weight_kg,Sugar_Content_Brix,Farm_Size_ha,Distance_to_Market_km,Rainfall_mm,Price_TZS_per_kg
Mbeya,Thompson Seedless,Wet Season,Grade A,9.14,12.7,1.4,66.1,731.4,4745.79
Singida,Flame Seedless,Dry Season,Grade C,8.64,20.4,11.6,49.9,985.9,5749.64
Morogoro,Flame Seedless,Wet Season,Grade A,9.66,19.3,6.0,270.3,1105.3,4845.18
Singida,Red Globe,Wet Season,Grade B,7.72,19.5,16.6,214.5,497.2,4653.92
Singida,Thompson Seedless,Dry Season,Grade B,4.7,13.4,1.9,281.5,907.7,4393.63
Arusha,Red Globe,Wet Season,Grade A,3.46,13.5,4.9,183.0,865.7,4338.77
Morogoro,Muscat,Dry Season,Grade C,3.55,13.3,14.7,144.7,494.7,4584.68
Morogoro,Muscat,Wet Season,Grade A,7.38,12.6,12.2,22.6,569.5,5159.86
Morogoro,Red Globe,Dry Season,Grade C,7.59,19.8,1.8,203.1,648.8,5169.3
Singida,Flame Seedless,Dry Season,Grade B,2.4,22.7,17.6,176.8,533.5,5192.78
Mbeya,Flame Seedless,Wet Season,Grade C,8.75,20.9,17.6,297.1,595.0,3773.62
Morogoro,Red Globe,Wet Season,Grade B,7.29,21.9,6.9,75.6,614.1,5490.89
Singida,Red Globe,Wet Season,Grade C,5.85,16.1,7.1,161.6,668.5,4005.29
Arusha,Muscat,Wet Season,Grade C,4.98,19.8,19.8,197.0,999.5,4776.25
Mbeya,Flame Seedless,Wet Season,Grade C,5.66,15.3,12.7,195.2,857.5,3845.45
Arusha,Red Globe,Dry Season,Grade A,2.01,17.9,10.9,170.6,1189.0,6276.82
Mbeya,Muscat,Wet Season,Grade A,2.44,17.2,16.8,234.2,731.8,5078.81
Singida,Flame Seedless,Dry Season,Grade B,1.37,12.7,6.1,65.5,1003.1,4884.15
Dodoma,Thompson Seedless,Dry Season,Grade B,1.96,15.8,8.9,219.1,1097.2,4849.42
Mbeya,Muscat,Wet Season,Grade A,4.81,24.5,5.7,187.8,943.2,6055.68
Arusha,Flame Seedless,Dry Season,Grade B,5.54,13.7,15.9,269.3,729.5,4829.17
Singida,Flame Seedless,Dry Season,Grade A,0.67,12.0,11.7,254.9,1002.9,4452.12
Mbeya,Muscat,Dry Season,Grade C,8.07,16.3,13.3,98.0,562.9,5147.95
Dodoma,Thompson Seedless,Dry Season,Grade B,3.29,21.9,5.4,86.5,662.0,4977.11
Dodoma,Muscat,Wet Season,Grade B,9.16,18.7,4.8,294.6,837.3,4741.51
Morogoro,Flame Seedless,Dry Season,Grade A,9.69,20.2,10.0,160.5,860.3,5665.04
Morogoro,Red Globe,Wet Season,Grade B,2.26,12.8,14.9,272.4,417.7,3770.91
Arusha,Red Globe,Wet Season,Grade B,4.89,19.3,10.7,53.3,1156.1,5343.75
Mbeya,Muscat,Dry Season,Grade C,0.51,14.9,1.1,194.6,957.3,4939.92
Mbeya,Flame Seedless,Wet Season,Grade B,6.18,22.5,17.4,243.9,796.6,4810.94
Morogoro,Red Globe,Wet Season,Grade C,6.27,19.4,1.8,284.5,1146.5,4096.4
Mbeya,Flame Seedless,Wet Season,Grade A,2.85,13.0,19.1,104.5,751.3,4849.9
Mbeya,Muscat,Dry Season,Grade B,5.8,11.0,1.0,218.9,1184.3,4616.39
Dodoma,Red Globe,Wet Season,Grade C,2.64,10.6,14.0,163.9,809.8,3761.76
Morogoro,Flame Seedless,Wet Season,Grade A,2.03,15.6,2.1,22.9,491.4,4764.32
Singida,Red Globe,Wet Season,Grade B,6.69,14.0,18.3,208.5,1011.8,4639.7
Morogoro,Muscat,Dry Season,Grade A,3.6,19.7,9.6,208.6,943.1,6218.27
Singida,Flame Seedless,Wet Season,Grade B,6.11,17.5,3.2,279.5,1018.4,3846.99
Dodoma,Red Globe,Dry Season,Grade A,4.62,14.0,7.1,151.7,1161.2,5964.11
Arusha,Muscat,Dry Season,Grade A,9.85,12.2,3.7,72.9,1021.2,6681.05
Mbeya,Red Globe,Dry Season,Grade C,1.92,11.9,3.8,18.1,889.1,4233.45
Dodoma,Red Globe,Dry Season,Grade A,4.91,23.0,19.0,127.6,1085.8,6260.92
Mbeya,Thompson Seedless,Dry Season,Grade B,6.96,13.7,9.2,94.1,938.6,5027.92
Arusha,Thompson Seedless,Dry Season,Grade B,4.26,19.8,15.9,229.5,726.5,4912.78
Arusha,Muscat,Wet Season,Grade C,9.76,22.2,13.0,109.5,1108.5,6218.67
Dodoma,Thompson Seedless,Dry Season,Grade B,7.36,19.2,13.7,285.0,577.5,4877.69
Arusha,Muscat,Wet Season,Grade B,6.74,22.9,3.1,288.9,971.7,5467.91
Singida,Thompson Seedless,Wet Season,Grade B,7.69,15.9,5.1,188.2,1105.3,3731.81
Arusha,Red Globe,Dry Season,Grade A,9.55,24.3,15.8,279.0,985.1,6637.3
Mbeya,Muscat,Wet Season,Grade A,9.12,12.0,19.4,229.5,957.8,5079.74
Mbeya,Muscat,Wet Season,Grade B,7.38,11.5,5.6,166.3,1002.1,4383.69
Mbeya,Red Globe,Wet Season,Grade C,7.62,19.9,5.8,58.2,772.0,4825.89
Mbeya,Muscat,Wet Season,Grade A,1.89,24.1,9.7,140.3,1099.3,5617.87
Singida,Muscat,Dry Season,Grade C,1.48,22.1,19.7,170.5,562.7,5638.69
Morogoro,Thompson Seedless,Wet Season,Grade B,5.92,11.1,5.7,259.9,501.9,3426.46
Dodoma,Muscat,Dry Season,Grade B,0.67,14.2,8.4,147.0,628.4,5090.56
Mbeya,Flame Seedless,Wet Season,Grade A,5.08,24.0,17.9,269.8,825.3,5501.36
Arusha,Red Globe,Wet Season,Grade B,2.5,13.8,0.6,203.9,808.4,4387.93
Mbeya,Thompson Seedless,Dry Season,Grade A,3.79,21.7,1.3,45.4,1056.5,5934.44
Arusha,Thompson Seedless,Wet Season,Grade B,7.87,22.4,12.3,298.5,723.7,4641.06
Arusha,Flame Seedless,Wet Season,Grade B,9.44,17.4,18.2,160.5,787.5,4828.15
Mbeya,Red Globe,Wet Season,Grade A,1.19,15.8,5.2,120.6,410.7,4784.33
Singida,Red Globe,Dry Season,Grade A,5.58,16.8,9.7,199.4,727.8,5700.48
Arusha,Thompson Seedless,Wet Season,Grade A,8.88,13.4,9.3,37.1,918.2,5626.95
Arusha,Muscat,Dry Season,Grade B,1.28,23.3,9.7,192.8,412.4,5411.9
Mbeya,Thompson Seedless,Wet Season,Grade B,8.33,16.8,12.6,152.0,624.7,4011.13
Arusha,Red Globe,Dry Season,Grade C,3.9,23.2,9.7,125.0,566.4,5143.84
Arusha,Flame Seedless,Dry Season,Grade A,3.56,11.6,9.2,286.1,433.6,4575.68
Mbeya,Thompson Seedless,Wet Season,Grade B,9.79,24.8,9.7,159.1,783.4,5188.9
Mbeya,Red Globe,Wet Season,Grade B,2.41,16.6,12.0,69.6,545.4,4512.12
Dodoma,Thompson Seedless,Dry Season,Grade A,7.09,10.7,11.0,140.4,994.5,4883.6
Singida,Muscat,Dry Season,Grade C,8.3,10.6,17.2,276.2,1078.3,4883.94
Singida,Thompson Seedless,Wet Season,Grade A,0.89,21.2,1.5,56.9,836.5,5311.4
Arusha,Thompson Seedless,Dry Season,Grade C,6.87,19.9,16.7,68.1,1185.4,5649.66
Singida,Red Globe,Wet Season,Grade B,9.54,22.0,17.0,8.8,760.4,5754.8
Arusha,Red Globe,Wet Season,Grade C,1.68,11.6,6.1,9.2,810.7,4155.74
Dodoma,Red Globe,Wet Season,Grade B,9.01,10.5,9.5,249.7,1191.4,4269.35
Mbeya,Thompson Seedless,Wet Season,Grade A,6.15,17.6,9.1,221.0,585.2,4684.01
Mbeya,Muscat,Dry Season,Grade A,6.36,15.8,4.8,109.7,1154.0,5870.61
Mbeya,Flame Seedless,Wet Season,Grade A,6.32,16.9,8.2,211.0,434.3,4575.35
Singida,Flame Seedless,Dry Season,Grade C,3.34,24.9,1.4,121.6,757.1,4968.57
Dodoma,Red Globe,Wet Season,Grade B,9.38,24.6,5.9,286.1,456.0,5136.89
Singida,Red Globe,Dry Season,Grade A,9.5,24.1,16.4,290.3,983.4,6391.68
Singida,Thompson Seedless,Wet Season,Grade A,6.44,21.8,6.0,120.9,886.7,5617.29
Dodoma,Flame Seedless,Dry Season,Grade B,7.94,15.3,16.5,257.0,965.3,4772.12
Dodoma,Red Globe,Dry Season,Grade A,6.32,16.2,10.9,233.1,699.6,5400.79
Dodoma,Muscat,Wet Season,Grade B,5.1,18.2,17.7,96.4,695.6,5771.88
Dodoma,Muscat,Wet Season,Grade B,6.78,22.5,11.7,73.5,436.3,5701.55
Mbeya,Red Globe,Wet Season,Grade B,5.75,11.0,1.1,140.2,680.0,3794.55
Morogoro,Red Globe,Wet Season,Grade B,6.18,16.4,13.7,235.5,1143.4,4929.29
Morogoro,Flame Seedless,Dry Season,Grade B,7.95,11.2,1.4,288.2,703.4,3848.61
Dodoma,Flame Seedless,Wet Season,Grade C,5.07,17.7,9.3,230.3,1065.1,4064.86
Morogoro,Thompson Seedless,Dry Season,Grade A,0.89,23.5,18.6,257.3,1073.9,6312.55
Morogoro,Flame Seedless,Dry Season,Grade C,2.06,21.7,3.7,182.9,698.6,4184.22
Dodoma,Muscat,Wet Season,Grade A,4.67,13.4,8.1,251.4,905.6,4813.37
Morogoro,Muscat,Dry Season,Grade C,7.39,24.6,14.7,236.4,476.3,5782.93
Singida,Red Globe,Dry Season,Grade B,6.14,20.0,17.7,116.2,482.9,5883.26
Arusha,Flame Seedless,Dry Season,Grade A,6.68,10.2,13.6,167.8,438.9,4465.68
Arusha,Thompson Seedless,Dry Season,Grade A,5.05,13.8,5.5,242.4,864.8,4410.96
Dodoma,Muscat,Wet Season,Grade C,6.35,13.9,13.7,18.6,740.9,5245.37
Mbeya,Muscat,Wet Season,Grade C,3.63,11.0,6.3,243.4,838.4,3560.38
Dodoma,Thompson Seedless,Wet Season,Grade A,4.97,24.4,14.5,57.5,816.9,5597.77
Mbeya,Thompson Seedless,Wet Season,Grade C,7.57,17.2,19.1,156.8,680.2,4771.27
Arusha,Muscat,Dry Season,Grade C,8.78,23.4,14.6,243.4,942.0,5864.71
Dodoma,Muscat,Dry Season,Grade C,4.62,14.8,17.3,79.9,1006.8,5547.57
Singida,Thompson Seedless,Wet Season,Grade B,0.91,11.9,0.5,77.5,411.7,3526.91
Morogoro,Muscat,Wet Season,Grade B,2.04,17.1,14.5,123.8,565.8,4504.31
Mbeya,Red Globe,Wet Season,Grade C,0.7,11.7,16.7,268.9,970.6,3786.31
Morogoro,Red Globe,Dry Season,Grade C,6.71,17.3,1.3,5.1,709.3,5407.69
Morogoro,Thompson Seedless,Wet Season,Grade B,3.66,23.8,17.5,270.9,930.0,4739.91
Dodoma,Flame Seedless,Wet Season,Grade B,5.65,17.8,5.5,50.4,677.6,4569.2
Morogoro,Thompson Seedless,Wet Season,Grade A,5.19,19.2,13.5,297.1,712.6,4542.8
Singida,Thompson Seedless,Dry Season,Grade A,1.27,12.3,16.1,286.7,526.9,4746.6
Morogoro,Flame Seedless,Dry Season,Grade B,4.33,10.7,13.4,150.9,606.6,4348.71
Dodoma,Flame Seedless,Dry Season,Grade C,2.6,11.7,2.3,156.3,884.3,3966.03
Singida,Flame Seedless,Dry Season,Grade C,4.47,19.0,12.1,147.1,746.5,4976.42
Arusha,Red Globe,Dry Season,Grade C,2.43,11.4,11.2,192.5,1019.4,4452.09
Morogoro,Muscat,Dry Season,Grade C,8.48,15.6,18.1,31.8,1082.1,6472.33
Dodoma,Red Globe,Dry Season,Grade A,2.15,18.3,8.4,14.6,833.3,5583.94
Arusha,Muscat,Dry Season,Grade B,9.63,15.8,6.8,22.0,1006.6,6208.77
Arusha,Red Globe,Wet Season,Grade C,4.45,12.5,15.1,136.1,645.5,3827.27
Mbeya,Muscat,Wet Season,Grade A,8.54,14.1,8.5,86.3,732.0,5249.47
Singida,Red Globe,Dry Season,Grade C,6.47,23.9,13.1,188.5,970.2,5479.98
Morogoro,Flame Seedless,Dry Season,Grade B,7.49,20.1,13.1,297.8,709.0,4922.0
Dodoma,Thompson Seedless,Wet Season,Grade A,7.79,17.4,17.8,119.0,870.8,5345.62
Mbeya,Red Globe,Dry Season,Grade B,5.3,10.2,12.2,174.3,548.3,4121.06
Singida,Muscat,Dry Season,Grade B,5.66,24.9,10.3,127.6,879.8,6175.77
Mbeya,Flame Seedless,Dry Season,Grade A,5.38,20.1,3.2,254.9,1089.2,5505.27
Singida,Red Globe,Wet Season,Grade A,6.09,14.8,2.8,271.2,1094.9,4415.27
Singida,Red Globe,Wet Season,Grade A,0.78,23.2,3.5,263.8,979.5,4728.91
Morogoro,Flame Seedless,Wet Season,Grade A,4.26,13.9,3.9,292.4,996.6,3447.26
Singida,Red Globe,Wet Season,Grade A,6.26,18.2,12.9,13.1,846.3,5611.89
Mbeya,Thompson Seedless,Wet Season,Grade A,6.18,19.5,14.9,252.7,867.7,4597.86
Singida,Red Globe,Dry Season,Grade A,8.03,13.3,10.8,226.8,506.9,4959.37
Morogoro,Thompson Seedless,Wet Season,Grade C,6.72,24.7,16.7,72.5,755.1,5024.5
Morogoro,Thompson Seedless,Dry Season,Grade B,9.93,21.2,19.8,287.1,760.6,5127.55
Mbeya,Flame Seedless,Dry Season,Grade A,3.2,18.4,16.5,48.7,1166.8,5749.43
Arusha,Red Globe,Wet Season,Grade C,3.91,12.7,14.1,205.5,744.9,3214.7
Arusha,Flame Seedless,Wet Season,Grade C,4.15,10.8,10.9,71.3,839.5,3886.04
Singida,Red Globe,Dry Season,Grade C,4.93,14.8,9.3,132.3,826.6,5058.75
Dodoma,Red Globe,Dry Season,Grade B,8.44,21.3,2.1,217.2,909.4,5352.08
Singida,Muscat,Dry Season,Grade A,2.74,14.0,8.3,171.2,998.6,5628.97
Mbeya,Red Globe,Wet Season,Grade C,7.87,18.1,18.2,131.1,580.0,4703.04
Mbeya,Flame Seedless,Wet Season,Grade B,4.35,20.9,16.3,101.3,823.0,5396.74
Mbeya,Thompson Seedless,Wet Season,Grade B,6.22,11.6,4.7,252.7,1060.7,3234.94
Mbeya,Red Globe,Wet Season,Grade B,6.51,20.3,9.6,47.4,770.5,5160.2
Mbeya,Muscat,Wet Season,Grade C,4.04,11.4,16.4,131.9,622.8,3741.11
Morogoro,Flame Seedless,Dry Season,Grade A,5.37,24.5,1.8,271.6,923.8,5720.3
Arusha,Red Globe,Wet Season,Grade C,4.42,17.3,8.1,254.5,1059.0,4089.81
Mbeya,Flame Seedless,Dry Season,Grade C,1.16,12.3,17.1,123.3,450.5,4200.25
Dodoma,Muscat,Dry Season,Grade A,4.65,15.1,8.4,230.1,1021.4,5774.84
Dodoma,Muscat,Dry Season,Grade A,1.43,16.2,2.0,247.8,1057.3,5789.96
Dodoma,Flame Seedless,Wet Season,Grade A,4.35,21.4,11.1,267.2,769.2,4995.94
Dodoma,Red Globe,Wet Season,Grade B,6.13,21.2,17.3,165.6,1186.6,5594.15
Morogoro,Thompson Seedless,Wet Season,Grade A,6.0,19.2,12.0,65.3,1029.4,5175.14
Dodoma,Muscat,Dry Season,Grade C,6.79,11.6,4.9,80.3,1018.9,5492.0
Mbeya,Red Globe,Dry Season,Grade A,1.4,12.3,8.0,92.2,998.3,5219.84
Singida,Red Globe,Dry Season,Grade C,6.7,11.4,9.3,180.2,520.5,4153.19
Dodoma,Thompson Seedless,Dry Season,Grade B,3.47,18.7,11.8,14.7,573.8,5429.55
Morogoro,Muscat,Dry Season,Grade C,4.29,23.2,15.3,192.6,771.2,5774.88
Morogoro,Muscat,Dry Season,Grade C,8.65,16.5,2.4,112.5,611.2,4947.04
Dodoma,Red Globe,Wet Season,Grade A,0.59,12.4,17.8,92.1,732.2,4815.32
Singida,Red Globe,Wet Season,Grade A,6.09,18.4,0.7,264.5,1110.8,5398.87
Dodoma,Thompson Seedless,Wet Season,Grade C,6.19,22.2,7.7,140.7,1059.5,4206.65
Morogoro,Thompson Seedless,Wet Season,Grade A,4.27,21.1,1.0,33.0,904.0,5820.07
Arusha,Muscat,Dry Season,Grade B,2.75,23.2,8.2,248.9,1086.5,5681.54
Mbeya,Flame Seedless,Dry Season,Grade B,2.73,14.2,10.8,19.1,1027.0,4443.37
Morogoro,Muscat,Wet Season,Grade A,8.9,12.9,10.5,219.4,743.2,4690.38
Dodoma,Red Globe,Dry Season,Grade B,4.7,23.2,3.7,233.3,560.9,4956.51
Mbeya,Muscat,Wet Season,Grade A,3.64,19.9,13.1,109.0,811.4,5627.52
Dodoma,Flame Seedless,Wet Season,Grade C,4.76,14.7,1.4,248.3,989.0,3460.19
Dodoma,Thompson Seedless,Wet Season,Grade C,6.86,21.1,15.4,157.1,749.1,3731.21
Arusha,Flame Seedless,Dry Season,Grade B,1.88,22.2,19.0,141.7,933.4,5547.64
Mbeya,Flame Seedless,Wet Season,Grade A,4.77,19.2,7.1,18.4,475.5,4882.52
Mbeya,Flame Seedless,Wet Season,Grade A,6.08,20.3,10.6,90.6,998.4,5884.56
Arusha,Thompson Seedless,Wet Season,Grade B,9.51,15.6,7.9,279.6,1050.2,4086.75
Morogoro,Flame Seedless,Dry Season,Grade C,2.9,18.1,0.6,120.6,965.5,4908.8
Dodoma,Flame Seedless,Dry Season,Grade B,3.91,17.9,8.0,166.3,1173.8,5408.6
Singida,Flame Seedless,Wet Season,Grade C,4.1,22.7,15.9,161.9,1061.3,5008.93
Dodoma,Red Globe,Dry Season,Grade A,6.25,22.6,12.1,179.2,1122.5,6216.23
Dodoma,Flame Seedless,Dry Season,Grade C,3.89,22.5,2.5,23.1,1146.9,5274.89
Morogoro,Thompson Seedless,Dry Season,Grade B,5.57,10.2,17.0,111.8,1041.1,4752.16
Dodoma,Flame Seedless,Dry Season,Grade A,7.93,21.2,10.9,218.3,939.4,6016.17
Arusha,Flame Seedless,Dry Season,Grade B,7.2,21.4,16.9,64.2,404.6,5466.49
Arusha,Thompson Seedless,Dry Season,Grade B,4.74,20.2,11.8,65.1,772.7,5444.27
Mbeya,Flame Seedless,Dry Season,Grade C,8.71,21.3,11.4,8.0,856.9,5754.03
Singida,Thompson Seedless,Dry Season,Grade B,5.8,22.6,2.6,134.1,643.2,4997.83
Dodoma,Flame Seedless,Dry Season,Grade C,5.63,17.1,3.8,265.4,654.5,3866.12
Dodoma,Thompson Seedless,Dry Season,Grade A,0.82,17.5,19.5,20.3,1168.9,6007.07
Morogoro,Flame Seedless,Wet Season,Grade C,9.87,11.9,5.0,61.4,1113.4,4210.25
Arusha,Flame Seedless,Wet Season,Grade A,1.67,15.8,19.6,96.5,1079.3,5219.82
Singida,Red Globe,Dry Season,Grade C,2.7,19.7,10.9,220.9,724.8,5030.27
Mbeya,Red Globe,Wet Season,Grade B,0.99,21.7,3.1,194.0,411.0,4041.28
Arusha,Flame Seedless,Wet Season,Grade C,6.58,13.3,2.4,127.7,464.2,3346.37
Mbeya,Flame Seedless,Dry Season,Grade C,2.63,12.1,4.6,228.9,649.8,3438.47
Morogoro,Muscat,Dry Season,Grade A,2.21,19.9,18.5,184.8,412.6,6448.13
Morogoro,Thompson Seedless,Dry Season,Grade B,1.34,10.0,8.6,269.3,413.7,3601.87
Dodoma,Muscat,Wet Season,Grade C,1.48,12.7,8.2,246.3,1133.3,3986.59
Singida,Red Globe,Wet Season,Grade B,6.05,10.4,6.6,79.6,964.9,4427.48
Mbeya,Red Globe,Dry Season,Grade C,7.04,12.5,3.4,85.1,647.2,4473.6
Arusha,Red Globe,Dry Season,Grade C,4.28,12.7,10.0,42.0,506.1,5226.33
Morogoro,Red Globe,Dry Season,Grade B,5.06,15.8,3.0,104.4,809.3,5291.76
Dodoma,Flame Seedless,Wet Season,Grade C,7.02,16.0,16.8,299.9,404.3,3581.33
Dodoma,Red Globe,Wet Season,Grade B,0.67,23.1,7.7,124.7,1150.7,4805.17
Mbeya,Flame Seedless,Wet Season,Grade C,3.57,17.7,7.8,70.0,731.9,3857.87
Morogoro,Flame Seedless,Wet Season,Grade A,9.74,20.9,9.7,229.9,721.9,5031.58
Singida,Red Globe,Dry Season,Grade B,6.01,11.6,9.2,165.0,712.5,4563.75
Morogoro,Red Globe,Dry Season,Grade C,2.92,13.4,19.9,49.1,455.5,4576.22
Mbeya,Thompson Seedless,Dry Season,Grade C,5.46,20.5,11.1,117.3,910.7,5027.16
Mbeya,Muscat,Dry Season,Grade A,3.76,10.8,2.2,127.3,986.4,5442.37
Morogoro,Red Globe,Wet Season,Grade B,5.56,17.3,12.3,227.4,940.9,4638.79
Mbeya,Thompson Seedless,Wet Season,Grade C,1.69,19.0,3.5,11.1,510.7,4045.37
Morogoro,Thompson Seedless,Dry Season,Grade A,1.76,19.0,1.1,84.4,863.1,5206.07
Arusha,Muscat,Dry Season,Grade C,1.86,10.3,19.4,157.7,855.6,4467.82
Morogoro,Flame Seedless,Wet Season,Grade B,9.43,14.8,15.6,84.3,1094.7,5225.84
Morogoro,Red Globe,Dry Season,Grade C,7.46,19.5,19.6,190.4,703.3,4929.92
Mbeya,Muscat,Wet Season,Grade C,2.04,12.2,9.8,147.2,697.2,4189.95
Mbeya,Red Globe,Dry Season,Grade C,2.29,20.4,10.9,111.7,894.8,5432.66
Dodoma,Thompson Seedless,Dry Season,Grade C,7.44,21.2,3.8,285.0,906.5,4605.87
Dodoma,Thompson Seedless,Dry Season,Grade A,1.98,24.7,5.3,191.5,775.4,6224.55
Arusha,Flame Seedless,Dry Season,Grade A,2.73,13.1,16.9,43.3,754.4,5620.32
Dodoma,Thompson Seedless,Dry Season,Grade B,9.65,22.4,7.4,170.2,795.3,6062.42
Morogoro,Thompson Seedless,Dry Season,Grade A,2.93,17.8,16.6,235.3,1088.8,5245.68
Mbeya,Muscat,Dry Season,Grade A,6.79,15.6,14.3,214.0,768.9,5725.77
Dodoma,Red Globe,Wet Season,Grade B,9.8,11.8,4.0,55.8,1151.9,4980.81
Dodoma,Red Globe,Wet Season,Grade A,4.06,21.0,10.4,291.9,803.2,4938.46
Arusha,Muscat,Wet Season,Grade A,0.67,13.5,13.7,137.4,1159.4,5760.7
Arusha,Flame Seedless,Wet Season,Grade B,2.82,15.6,5.1,51.9,1066.3,4570.96
Morogoro,Red Globe,Wet Season,Grade B,8.39,10.9,16.7,58.2,689.9,4382.48
Mbeya,Thompson Seedless,Dry Season,Grade B,8.71,22.0,11.1,34.0,1090.9,5539.91
Arusha,Red Globe,Dry Season,Grade C,7.8,21.5,3.7,242.0,488.1,4878.58
Dodoma,Thompson Seedless,Wet Season,Grade C,1.57,21.0,11.9,41.0,1140.0,4716.76
Mbeya,Flame Seedless,Dry Season,Grade B,8.06,14.5,20.0,41.9,905.3,5584.08
Mbeya,Muscat,Wet Season,Grade B,9.23,12.6,3.4,255.9,443.5,4554.76
Dodoma,Red Globe,Wet Season,Grade B,6.21,19.6,16.4,106.7,915.4,5567.83
Arusha,Muscat,Dry Season,Grade C,9.44,17.4,4.5,14.1,1179.4,5827.73
Dodoma,Red Globe,Dry Season,Grade C,8.35,12.7,15.8,20.3,455.8,4728.35
Mbeya,Thompson Seedless,Dry Season,Grade A,6.84,20.3,14.8,46.9,843.8,5872.96
Singida,Muscat,Wet Season,Grade A,5.98,24.9,6.4,68.0,998.2,6193.06
Singida,Red Globe,Dry Season,Grade B,3.81,21.2,6.9,201.2,1048.2,5334.98
Morogoro,Thompson Seedless,Wet Season,Grade C,2.01,21.1,16.0,51.4,731.1,4711.37
Dodoma,Muscat,Wet Season,Grade C,6.25,24.3,9.5,40.1,563.3,5267.56
Dodoma,Muscat,Wet Season,Grade C,3.52,13.0,14.8,230.6,433.9,4021.27
Morogoro,Red Globe,Dry Season,Grade B,8.73,18.5,3.4,203.0,863.8,5416.01
Morogoro,Red Globe,Dry Season,Grade A,9.94,24.7,17.1,133.4,762.3,6838.95
Morogoro,Red Globe,Wet Season,Grade B,7.65,12.5,14.4,167.0,1159.0,4310.41
Mbeya,Thompson Seedless,Dry Season,Grade A,1.36,20.5,18.2,97.0,448.5,5845.6
Dodoma,Red Globe,Dry Season,Grade A,3.24,18.8,3.1,147.3,948.3,6384.63
Mbeya,Muscat,Dry Season,Grade B,1.54,18.8,12.1,154.5,420.0,5443.27
Morogoro,Muscat,Wet Season,Grade A,6.68,20.5,12.2,119.2,537.1,4943.03
Dodoma,Red Globe,Wet Season,Grade A,7.77,23.9,7.4,272.4,762.9,5785.01
Mbeya,Red Globe,Dry Season,Grade C,9.29,21.7,9.4,9.7,763.9,5730.53
Mbeya,Flame Seedless,Wet Season,Grade A,4.66,10.8,1.2,235.7,948.6,4667.91
Morogoro,Muscat,Dry Season,Grade B,9.06,22.8,15.0,41.7,1128.2,6850.91
Dodoma,Thompson Seedless,Dry Season,Grade B,8.84,13.4,11.2,240.3,911.2,4167.29
Morogoro,Flame Seedless,Dry Season,Grade A,3.51,15.7,1.6,186.7,1162.8,4565.39
Dodoma,Red Globe,Dry Season,Grade C,8.75,16.9,13.8,253.8,1105.3,5518.67
Singida,Red Globe,Wet Season,Grade C,4.07,17.2,9.6,33.8,867.6,5035.67
Arusha,Muscat,Wet Season,Grade A,3.32,16.5,1.2,169.9,1067.0,5901.61
Arusha,Red Globe,Wet Season,Grade A,6.67,24.1,19.4,152.8,914.1,6051.43
Arusha,Thompson Seedless,Dry Season,Grade B,3.62,20.6,19.0,213.3,462.8,4983.54
Morogoro,Muscat,Dry Season,Grade A,6.49,19.5,10.5,162.6,992.5,6288.13
Singida,Red Globe,Dry Season,Grade C,6.29,10.7,2.3,164.5,475.9,3963.46
Dodoma,Muscat,Wet Season,Grade A,5.85,23.6,15.2,131.7,875.3,6109.32
Mbeya,Red Globe,Dry Season,Grade B,4.11,23.6,10.1,96.1,962.1,6053.49
Dodoma,Red Globe,Wet Season,Grade B,5.71,21.7,6.4,147.3,453.2,4581.03
Mbeya,Red Globe,Wet Season,Grade B,6.17,10.1,10.1,40.0,584.6,3890.01
Dodoma,Thompson Seedless,Wet Season,Grade B,5.68,10.9,10.7,288.6,1132.5,3718.41
Singida,Thompson Seedless,Wet Season,Grade B,4.72,13.4,11.5,215.8,893.1,3677.29
Mbeya,Muscat,Wet Season,Grade A,0.64,12.0,9.1,286.0,597.0,3342.67
Morogoro,Red Globe,Wet Season,Grade A,6.08,16.0,12.3,71.9,952.5,5656.32
Dodoma,Red Globe,Dry Season,Grade A,2.1,23.8,18.4,264.4,877.4,5690.08
Dodoma,Thompson Seedless,Dry Season,Grade A,6.6,17.1,7.6,243.6,801.3,5418.39
Mbeya,Red Globe,Wet Season,Grade B,7.71,10.2,14.7,204.8,1180.9,4562.9
Morogoro,Thompson Seedless,Wet Season,Grade C,5.25,14.2,17.9,189.4,946.8,4046.78
Morogoro,Red Globe,Dry Season,Grade A,5.65,10.7,9.4,98.4,700.4,6130.55
Singida,Muscat,Wet Season,Grade C,9.54,10.5,9.1,245.8,1040.1,4140.23
Morogoro,Red Globe,Wet Season,Grade A,8.55,14.1,12.2,152.9,1107.7,5208.96
Morogoro,Red Globe,Dry Season,Grade A,9.19,14.1,12.0,25.9,500.2,6205.0
Morogoro,Flame Seedless,Wet Season,Grade C,8.23,21.8,16.2,97.3,560.4,4751.17
Arusha,Thompson Seedless,Wet Season,Grade B,1.53,24.6,9.8,280.9,573.0,4632.45
Singida,Red Globe,Wet Season,Grade A,1.92,15.6,19.9,256.0,953.0,4469.86
Dodoma,Red Globe,Dry Season,Grade A,5.5,16.4,1.7,294.7,882.4,4802.45
Mbeya,Flame Seedless,Dry Season,Grade A,2.84,22.7,0.6,190.3,895.2,5776.44
Dodoma,Flame Seedless,Dry Season,Grade C,5.03,14.0,13.0,78.0,1152.6,4524.36
Singida,Thompson Seedless,Wet Season,Grade B,4.25,12.3,6.3,53.0,1020.7,4456.58
Mbeya,Flame Seedless,Wet Season,Grade C,5.72,22.8,5.2,60.1,502.3,4695.85
Singida,Muscat,Dry Season,Grade C,7.6,10.7,6.6,10.8,678.0,4966.25
Morogoro,Flame Seedless,Wet Season,Grade B,7.3,19.3,5.5,120.3,748.3,4742.4
Mbeya,Muscat,Wet Season,Grade C,5.45,18.4,1.1,61.5,716.8,4470.02
Morogoro,Thompson Seedless,Wet Season,Grade B,8.31,15.2,19.4,126.4,935.4,4408.03
Dodoma,Thompson Seedless,Wet Season,Grade A,4.59,14.7,4.8,280.8,1113.5,4244.69
Dodoma,Thompson Seedless,Wet Season,Grade B,9.02,21.6,14.8,132.0,644.8,5025.08
Mbeya,Thompson Seedless,Dry Season,Grade A,1.18,11.3,15.4,264.0,841.5,4508.66
Mbeya,Thompson Seedless,Wet Season,Grade C,9.57,13.6,18.6,183.6,1031.5,4333.38
Singida,Muscat,Dry Season,Grade C,6.72,21.0,1.1,77.9,733.0,5787.34
Singida,Muscat,Wet Season,Grade A,4.11,18.2,17.5,110.0,534.5,6107.56
Morogoro,Thompson Seedless,Dry Season,Grade C,2.37,11.9,10.8,29.8,780.0,4458.51
Mbeya,Flame Seedless,Wet Season,Grade B,5.05,23.2,12.8,103.4,444.2,5234.77
Dodoma,Red Globe,Dry Season,Grade A,2.35,15.9,13.1,204.9,1153.9,5889.97
Singida,Thompson Seedless,Wet Season,Grade C,2.08,22.4,16.5,26.3,459.9,5365.24
Singida,Flame Seedless,Dry Season,Grade A,6.36,21.8,7.0,65.6,750.8,6042.42
Dodoma,Red Globe,Wet Season,Grade B,5.47,19.4,14.8,117.5,823.9,4954.84
Singida,Thompson Seedless,Dry Season,Grade B,6.87,17.4,10.8,294.7,1188.2,5238.81
Morogoro,Thompson Seedless,Wet Season,Grade C,9.33,24.7,16.0,236.5,532.8,4735.03
Mbeya,Muscat,Dry Season,Grade B,5.56,12.2,19.8,221.4,491.5,5416.05
Dodoma,Red Globe,Dry Season,Grade A,6.02,20.9,4.4,39.3,407.0,6361.64
Mbeya,Red Globe,Wet Season,Grade B,1.35,12.9,19.9,235.4,524.5,3321.52
Singida,Flame Seedless,Wet Season,Grade A,7.32,15.1,2.3,236.7,565.8,4405.7
Singida,Muscat,Dry Season,Grade A,4.3,14.6,0.5,182.3,904.5,5691.71
Dodoma,Muscat,Wet Season,Grade B,9.78,24.2,1.4,297.2,575.8,5089.23
Morogoro,Muscat,Dry Season,Grade C,8.32,24.5,7.2,100.9,416.4,5885.83
Arusha,Muscat,Dry Season,Grade B,5.46,12.7,12.8,282.7,1061.3,4549.91
Dodoma,Red Globe,Dry Season,Grade A,1.67,10.3,1.8,274.8,692.5,4727.6
Arusha,Red Globe,Wet Season,Grade A,8.66,20.8,0.6,8.4,683.0,5937.43
Arusha,Thompson Seedless,Dry Season,Grade B,8.1,16.3,18.8,137.8,642.0,5523.19
Morogoro,Thompson Seedless,Dry Season,Grade C,2.25,11.3,16.5,293.2,1180.3,3495.42
Arusha,Muscat,Wet Season,Grade C,3.31,20.3,16.3,35.4,536.1,5329.49
Arusha,Muscat,Wet Season,Grade A,8.04,18.2,17.7,166.6,1118.6,5901.1
Morogoro,Muscat,Wet Season,Grade A,2.26,24.7,14.2,293.8,1021.4,5745.44
Arusha,Thompson Seedless,Wet Season,Grade C,9.22,13.4,2.5,168.9,461.2,3539.95
Arusha,Flame Seedless,Dry Season,Grade B,4.53,16.1,8.3,61.0,1189.4,5455.28
Arusha,Flame Seedless,Dry Season,Grade A,1.33,18.1,14.6,176.7,617.1,5236.09
Dodoma,Thompson Seedless,Dry Season,Grade A,8.25,21.9,6.0,65.3,478.9,5712.48
Dodoma,Thompson Seedless,Dry Season,Grade C,4.05,18.2,13.9,158.3,1063.5,4919.28
Dodoma,Thompson Seedless,Wet Season,Grade B,5.5,19.2,1.0,26.8,965.3,4769.0
Morogoro,Thompson Seedless,Dry Season,Grade C,1.57,13.4,6.5,183.6,893.8,4051.58
Singida,Thompson Seedless,Dry Season,Grade B,0.52,22.7,11.2,157.5,524.8,4099.56
Arusha,Thompson Seedless,Wet Season,Grade B,6.56,16.4,12.8,223.3,782.8,4422.29
Arusha,Muscat,Dry Season,Grade B,5.39,12.1,11.8,191.1,1024.4,5118.0
Morogoro,Muscat,Dry Season,Grade A,6.14,20.0,14.1,167.1,642.9,5904.7
Arusha,Muscat,Dry Season,Grade C,8.04,13.2,0.6,208.5,649.4,4945.97
Dodoma,Muscat,Dry Season,Grade C,6.64,11.5,2.5,47.5,402.5,5051.66
Singida,Thompson Seedless,Dry Season,Grade B,2.16,22.9,17.4,180.6,539.4,5117.7
Mbeya,Flame Seedless,Dry Season,Grade A,3.93,16.9,13.8,55.8,1100.3,5561.6
Arusha,Red Globe,Wet Season,Grade A,9.11,21.2,2.7,278.0,753.4,5201.61
Dodoma,Thompson Seedless,Wet Season,Grade C,7.81,14.4,16.9,25.2,1187.4,4735.53
Mbeya,Red Globe,Dry Season,Grade A,5.79,21.8,5.2,132.0,716.6,6377.1
Singida,Flame Seedless,Dry Season,Grade A,2.93,11.7,9.8,210.3,972.1,4700.53
Mbeya,Muscat,Wet Season,Grade B,3.37,15.3,3.3,140.1,625.5,4909.43
Dodoma,Flame Seedless,Dry Season,Grade A,7.45,24.7,14.3,32.2,691.0,6421.32
Mbeya,Thompson Seedless,Dry Season,Grade B,8.59,21.9,13.5,168.2,552.6,5019.45
Morogoro,Muscat,Dry Season,Grade C,6.88,17.5,4.6,194.3,677.6,4752.22
Mbeya,Thompson Seedless,Wet Season,Grade A,8.19,15.1,17.3,212.6,837.8,4825.88
Arusha,Muscat,Dry Season,Grade C,7.78,23.1,8.3,115.1,1193.4,6134.75
Arusha,Red Globe,Wet Season,Grade C,1.92,18.2,6.2,171.3,931.4,4326.16
Morogoro,Red Globe,Dry Season,Grade A,4.53,21.4,3.5,138.0,559.4,5847.09
Dodoma,Red Globe,Wet Season,Grade A,1.95,21.3,5.7,203.3,436.0,5216.8
Arusha,Flame Seedless,Wet Season,Grade C,2.73,10.3,0.9,177.1,501.1,2919.42
Singida,Thompson Seedless,Dry Season,Grade A,8.76,11.9,11.9,160.1,850.0,4673.82
Arusha,Flame Seedless,Wet Season,Grade B,4.99,19.9,16.9,78.6,1012.1,5013.42
Arusha,Red Globe,Dry Season,Grade B,5.59,12.4,11.2,5.6,1152.3,4952.82
Dodoma,Thompson Seedless,Wet Season,Grade A,2.2,13.8,4.8,56.4,412.7,4528.57
Mbeya,Red Globe,Dry Season,Grade C,3.47,24.2,1.2,39.5,818.2,5941.26
Arusha,Flame Seedless,Dry Season,Grade A,2.69,18.4,4.7,137.5,776.7,5080.48
Morogoro,Flame Seedless,Wet Season,Grade A,2.46,21.3,8.6,185.6,924.8,5430.17
Mbeya,Flame Seedless,Dry Season,Grade C,6.56,18.4,15.3,67.9,847.7,5479.0
Singida,Red Globe,Dry Season,Grade C,2.94,18.3,4.2,282.0,949.6,4885.74
Dodoma,Thompson Seedless,Wet Season,Grade B,6.5,11.4,14.5,7.0,926.5,4626.12
Singida,Thompson Seedless,Dry Season,Grade C,1.06,15.2,17.4,232.8,493.6,3767.57
Mbeya,Red Globe,Dry Season,Grade B,1.85,14.2,9.4,189.4,1039.8,5102.44
Mbeya,Thompson Seedless,Wet Season,Grade C,3.11,15.9,16.5,115.2,498.6,3773.82
Mbeya,Red Globe,Wet Season,Grade A,6.17,22.0,11.3,19.9,958.8,6149.57
Singida,Thompson Seedless,Dry Season,Grade B,6.92,15.6,12.9,190.1,732.9,4796.74
Mbeya,Muscat,Dry Season,Grade B,4.71,16.8,10.8,118.8,811.1,5982.06
Singida,Muscat,Wet Season,Grade B,4.74,16.0,9.5,281.2,1122.6,4843.8
Mbeya,Flame Seedless,Wet Season,Grade A,7.38,11.4,5.1,164.9,1111.9,4520.08
Morogoro,Muscat,Dry Season,Grade A,0.65,16.6,6.4,282.2,1054.3,4883.57
Mbeya,Muscat,Wet Season,Grade A,3.74,12.9,6.2,70.0,808.1,5046.48
Singida,Muscat,Dry Season,Grade A,8.28,12.8,11.5,219.1,989.0,6016.47
Arusha,Red Globe,Dry Season,Grade A,6.23,11.4,2.8,187.1,810.3,5207.38
Mbeya,Muscat,Dry Season,Grade B,3.7,15.4,18.4,223.1,1095.7,5012.58
Arusha,Muscat,Dry Season,Grade A,9.1,21.4,14.6,68.3,722.2,6373.22
Morogoro,Flame Seedless,Dry Season,Grade B,7.84,14.1,8.3,201.2,1176.2,4929.15
Dodoma,Muscat,Wet Season,Grade A,3.02,14.7,3.6,151.9,1145.9,4899.13
Morogoro,Muscat,Wet Season,Grade C,6.63,19.6,17.7,224.1,993.3,4689.61
Mbeya,Thompson Seedless,Wet Season,Grade B,6.16,12.9,16.6,101.5,623.5,4481.03
Arusha,Flame Seedless,Wet Season,Grade C,4.31,23.5,14.6,267.6,505.3,4498.02
Arusha,Flame Seedless,Dry Season,Grade B,3.99,17.8,5.8,29.9,1083.8,5166.49
Singida,Flame Seedless,Dry Season,Grade C,3.76,16.7,8.3,243.1,532.2,4113.37
Arusha,Flame Seedless,Dry Season,Grade A,6.36,18.4,2.5,259.1,1083.4,5282.13
Singida,Flame Seedless,Dry Season,Grade A,4.7,12.5,4.2,246.1,792.6,4627.74
Dodoma,Flame Seedless,Wet Season,Grade A,8.4,19.2,15.8,156.3,725.2,5277.88
Mbeya,Red Globe,Dry Season,Grade B,6.86,15.4,14.4,134.3,1122.6,5748.35
Singida,Muscat,Dry Season,Grade C,1.16,23.5,12.1,298.9,883.1,5022.67
Dodoma,Flame Seedless,Wet Season,Grade A,6.58,12.5,18.0,72.6,861.3,4544.27
Arusha,Muscat,Wet Season,Grade C,3.08,17.6,11.9,166.3,847.0,5131.6
Arusha,Muscat,Wet Season,Grade C,6.13,19.0,9.6,202.8,696.9,4985.38
Dodoma,Red Globe,Wet Season,Grade A,6.96,10.5,7.1,211.8,1028.5,4277.76
Arusha,Flame Seedless,Dry Season,Grade A,2.69,15.5,18.8,65.2,602.2,5596.69
Dodoma,Thompson Seedless,Dry Season,Grade C,4.84,21.0,2.1,197.9,1151.1,5149.06
Singida,Red Globe,Wet Season,Grade A,2.31,22.3,18.7,246.4,1115.2,5716.61
Singida,Thompson Seedless,Dry Season,Grade A,1.0,14.7,16.6,19.8,670.0,5672.2
Dodoma,Muscat,Dry Season,Grade A,4.1,22.0,3.0,273.9,983.6,5944.03
Singida,Muscat,Dry Season,Grade B,3.95,24.5,11.5,13.7,858.6,7093.89
Singida,Red Globe,Wet Season,Grade C,9.96,22.9,17.4,110.0,670.1,5349.31
Singida,Red Globe,Dry Season,Grade C,4.74,11.8,11.7,9.7,1190.8,5026.81
Morogoro,Thompson Seedless,Wet Season,Grade B,3.67,21.1,18.2,27.8,420.2,5223.52
Mbeya,Flame Seedless,Dry Season,Grade C,6.01,14.8,18.9,273.8,602.1,4270.97
Arusha,Thompson Seedless,Dry Season,Grade A,1.34,24.8,8.7,109.7,816.1,6108.89
Morogoro,Red Globe,Dry Season,Grade C,9.64,17.3,7.9,130.3,817.6,5302.84
Singida,Thompson Seedless,Wet Season,Grade A,6.53,11.8,18.8,68.5,871.1,5125.58
Dodoma,Red Globe,Dry Season,Grade B,7.67,20.9,13.7,181.1,1001.3,5493.31
Singida,Thompson Seedless,Wet Season,Grade A,2.12,14.8,2.8,180.5,898.8,3918.57
Mbeya,Red Globe,Wet Season,Grade C,4.39,25.0,1.3,114.8,880.2,5371.44
Singida,Red Globe,Wet Season,Grade C,4.52,24.7,11.5,103.2,442.8,5018.68
Dodoma,Red Globe,Dry Season,Grade C,8.31,19.8,18.6,266.1,701.2,5355.05
Mbeya,Flame Seedless,Dry Season,Grade B,0.51,11.9,17.0,118.1,585.6,3928.07
Singida,Thompson Seedless,Dry Season,Grade B,3.36,20.3,13.7,150.6,612.3,5440.35
Mbeya,Thompson Seedless,Dry Season,Grade C,9.82,11.4,3.2,88.6,843.5,4366.5
Arusha,Thompson Seedless,Wet Season,Grade A,5.01,10.4,5.5,237.1,559.6,3619.13
Arusha,Red Globe,Wet Season,Grade B,4.13,22.3,17.6,122.2,635.2,5174.49
Singida,Thompson Seedless,Wet Season,Grade C,1.64,13.1,4.1,156.5,589.7,3043.96
Mbeya,Thompson Seedless,Dry Season,Grade C,9.75,15.7,5.9,79.7,1158.8,5101.28
Dodoma,Red Globe,Wet Season,Grade B,0.69,24.6,3.0,296.4,1155.7,4610.25
Singida,Muscat,Dry Season,Grade B,7.5,15.1,13.7,91.0,888.0,6146.12
Arusha,Red Globe,Wet Season,Grade B,7.8,14.4,18.9,232.4,1139.6,5146.6
Arusha,Thompson Seedless,Dry Season,Grade A,2.81,23.8,5.7,131.1,1028.7,6424.0
Singida,Red Globe,Dry Season,Grade A,6.88,11.7,9.8,65.8,872.0,5035.25
Mbeya,Muscat,Wet Season,Grade C,1.38,21.4,12.9,240.9,405.1,4138.3
Arusha,Red Globe,Wet Season,Grade B,2.94,24.8,20.0,103.4,1018.0,4947.33
Mbeya,Thompson Seedless,Wet Season,Grade A,7.99,23.5,2.5,260.2,962.0,4771.84
Arusha,Muscat,Wet Season,Grade B,8.71,19.8,10.2,275.0,892.2,4849.74
Arusha,Flame Seedless,Dry Season,Grade C,6.28,14.7,8.0,258.6,1008.3,4401.52
Morogoro,Thompson Seedless,Wet Season,Grade A,5.31,13.8,17.4,15.3,810.3,5020.77
Arusha,Muscat,Wet Season,Grade A,2.01,22.3,9.8,237.3,963.3,5402.63
Dodoma,Muscat,Wet Season,Grade A,1.1,23.2,2.7,126.3,1148.1,5914.68
Singida,Flame Seedless,Dry Season,Grade C,1.62,17.9,12.9,262.7,700.6,3720.41
Singida,Red Globe,Dry Season,Grade B,2.66,13.7,15.5,193.2,966.5,4691.07
Mbeya,Red Globe,Wet Season,Grade A,3.75,11.7,0.6,250.9,780.6,4022.03
Arusha,Thompson Seedless,Dry Season,Grade C,4.12,11.3,17.2,152.3,939.5,4306.13
Dodoma,Flame Seedless,Wet Season,Grade B,3.79,20.8,4.1,162.8,1010.3,4575.34
Mbeya,Red Globe,Dry Season,Grade C,2.77,16.3,11.3,47.6,436.4,5394.09
Morogoro,Flame Seedless,Dry Season,Grade B,5.34,23.6,8.6,236.3,917.3,5549.25
Mbeya,Red Globe,Dry Season,Grade C,8.34,21.1,14.5,128.7,581.4,5268.81
Mbeya,Muscat,Dry Season,Grade B,3.16,12.9,7.7,152.5,936.0,5076.1
Arusha,Red Globe,Wet Season,Grade A,9.45,19.2,17.5,236.6,774.7,5337.22
Morogoro,Flame Seedless,Wet Season,Grade B,8.8,16.5,14.7,181.7,1018.8,4464.05
Mbeya,Muscat,Wet Season,Grade C,2.04,18.7,13.1,64.3,498.7,4898.2
Dodoma,Muscat,Dry Season,Grade C,7.97,21.1,16.0,179.1,901.1,5261.82
Dodoma,Muscat,Wet Season,Grade B,5.96,22.1,15.2,125.3,622.8,5769.71
Singida,Flame Seedless,Wet Season,Grade A,5.88,22.7,1.2,143.5,1082.4,5852.77
Morogoro,Thompson Seedless,Wet Season,Grade A,4.21,13.8,8.2,13.4,1142.7,5028.7
Morogoro,Thompson Seedless,Dry Season,Grade B,5.26,10.5,18.7,67.0,1197.1,4987.74
Singida,Thompson Seedless,Dry Season,Grade B,4.27,21.1,3.0,87.9,1036.8,5463.31
Mbeya,Flame Seedless,Dry Season,Grade C,5.63,11.6,14.9,215.3,1003.0,4568.92
Morogoro,Muscat,Wet Season,Grade A,6.47,14.7,19.5,8.4,572.4,5753.21
Dodoma,Thompson Seedless,Wet Season,Grade B,6.91,10.1,1.5,125.6,668.8,4021.28
Dodoma,Flame Seedless,Wet Season,Grade A,5.56,20.2,13.8,277.6,772.5,4970.0
Arusha,Thompson Seedless,Dry Season,Grade B,7.35,12.5,9.6,38.0,1018.7,5863.33
Morogoro,Red Globe,Dry Season,Grade B,1.84,19.8,11.8,157.3,1132.0,5407.5
Mbeya,Thompson Seedless,Wet Season,Grade A,2.51,24.9,2.2,237.0,551.3,4233.35
Singida,Thompson Seedless,Dry Season,Grade B,8.28,11.1,1.3,283.0,1137.9,3818.07
Singida,Muscat,Dry Season,Grade B,3.56,11.2,13.5,225.3,956.5,4949.93
Mbeya,Flame Seedless,Dry Season,Grade C,0.72,15.1,16.6,217.6,888.6,4575.86
Arusha,Muscat,Dry Season,Grade B,1.96,23.0,15.7,248.8,559.9,5389.8
Singida,Muscat,Wet Season,Grade B,2.62,13.2,11.1,136.6,444.4,4352.12
Morogoro,Muscat,Dry Season,Grade B,9.59,15.4,2.4,242.7,854.8,5464.25
Arusha,Muscat,Dry Season,Grade C,5.94,11.0,13.9,7.3,921.2,5104.13
Morogoro,Muscat,Dry Season,Grade A,9.36,21.4,5.2,277.7,568.6,5851.82
Dodoma,Thompson Seedless,Dry Season,Grade C,5.96,16.1,18.3,135.8,845.2,4516.88
Arusha,Muscat,Wet Season,Grade C,5.05,21.4,16.8,168.2,1085.2,5591.97
Singida,Muscat,Wet Season,Grade A,3.48,23.6,14.3,80.2,1068.1,6803.95
Arusha,Flame Seedless,Dry Season,Grade C,6.26,13.5,19.0,224.0,1141.9,4098.13
Arusha,Red Globe,Dry Season,Grade A,1.82,22.1,1.1,27.6,692.7,6101.89
Arusha,Thompson Seedless,Dry Season,Grade C,9.03,10.9,14.9,262.4,654.4,4483.68
Arusha,Thompson Seedless,Dry Season,Grade A,8.38,23.5,6.9,249.3,999.5,6008.46
Morogoro,Thompson Seedless,Dry Season,Grade B,3.52,19.8,18.2,68.7,744.9,5343.58
Dodoma,Muscat,Dry Season,Grade C,9.55,23.1,5.7,243.8,470.0,4979.25
Mbeya,Muscat,Wet Season,Grade C,8.34,10.0,14.6,237.0,626.2,4356.98
Arusha,Muscat,Dry Season,Grade C,6.83,12.5,17.6,191.5,734.9,5094.6
Singida,Flame Seedless,Wet Season,Grade C,1.66,15.8,1.3,115.2,634.0,3202.5
Arusha,Red Globe,Wet Season,Grade B,5.04,15.7,8.3,85.1,665.8,5008.57
Singida,Muscat,Dry Season,Grade C,5.31,13.4,15.4,73.4,635.0,4762.68
Morogoro,Red Globe,Wet Season,Grade B,2.71,15.7,9.4,99.0,433.2,4332.95
Singida,Flame Seedless,Wet Season,Grade B,1.26,11.9,5.7,271.5,909.7,3289.97
Mbeya,Thompson Seedless,Wet Season,Grade B,7.88,16.2,4.8,27.9,877.8,5226.71
Dodoma,Muscat,Wet Season,Grade B,1.66,22.0,3.1,249.5,922.7,4739.54
Singida,Red Globe,Wet Season,Grade A,6.15,17.2,17.2,107.9,553.8,5301.31
Singida,Red Globe,Wet Season,Grade A,9.4,10.3,11.7,158.9,636.5,4360.63
Dodoma,Muscat,Dry Season,Grade C,8.82,16.3,2.0,239.4,895.7,4822.53
Mbeya,Thompson Seedless,Wet Season,Grade A,3.14,10.4,8.0,265.9,879.7,3645.96
Arusha,Thompson Seedless,Wet Season,Grade A,8.59,24.5,7.7,106.7,805.1,5496.38
Singida,Thompson Seedless,Wet Season,Grade C,0.5,11.9,4.0,141.2,680.3,3275.44
Dodoma,Flame Seedless,Dry Season,Grade C,0.67,20.6,9.0,127.3,1130.3,4214.5
Morogoro,Red Globe,Wet Season,Grade C,6.22,24.6,7.0,8.9,671.8,4875.13
Dodoma,Red Globe,Dry Season,Grade A,3.97,22.4,7.2,92.3,764.5,6206.54
Morogoro,Red Globe,Wet Season,Grade A,4.17,20.5,14.9,140.5,942.5,5632.63
Mbeya,Flame Seedless,Dry Season,Grade C,5.86,22.6,4.9,126.3,834.4,5067.27
Arusha,Red Globe,Dry Season,Grade B,2.32,24.7,13.0,218.0,677.5,5524.51
Dodoma,Flame Seedless,Wet Season,Grade C,2.51,19.3,11.6,118.5,748.5,4097.52
Singida,Thompson Seedless,Wet Season,Grade B,5.1,18.4,11.6,149.4,1035.6,4623.05
Mbeya,Muscat,Dry Season,Grade B,7.67,19.4,13.4,131.7,622.5,6049.89
Dodoma,Red Globe,Wet Season,Grade C,6.39,18.0,11.2,223.5,513.8,4298.04
Singida,Red Globe,Dry Season,Grade C,3.32,19.5,17.6,259.6,650.5,4617.76
Dodoma,Thompson Seedless,Dry Season,Grade C,4.59,16.7,13.7,161.9,1079.6,5068.13
Morogoro,Muscat,Dry Season,Grade A,2.12,13.3,11.2,237.9,471.2,5263.03
Dodoma,Flame Seedless,Dry Season,Grade B,1.21,11.8,16.7,92.6,1193.4,5227.06
Dodoma,Muscat,Dry Season,Grade A,7.94,11.0,12.3,164.7,832.8,6175.16
Dodoma,Thompson Seedless,Wet Season,Grade A,3.02,13.9,6.2,106.8,1187.9,4327.73
